Season,TeamName,Tempo,RankTempo,AdjTempo,RankAdjTempo,OE,RankOE,AdjOE,RankAdjOE,DE,RankDE,AdjDE,RankAdjDE,Pythag,RankPythag
2016,Kansas,69.2473,158,69.7371,127,114.3687,15,118.9231,8,96.1366,29,92.0084,5,0.950304,1
2016,Virginia,61.1656,351,61.3953,351,114.7997,12,118.3473,9,97.2545,37,91.9132,4,0.948189,2
2016,Michigan St.,66.9045,280,67.3644,252,118.2105,3,121.3446,2,93.8883,12,94.7566,19,0.945019,3
2016,North Carolina,70.7158,92,72.0351,48,116.2837,6,119.4748,4,98.6807,59,93.9513,16,0.940687,4
2016,Villanova,67.6994,243,67.4220,250,113.6040,21,117.2484,11,93.8530,11,92.9637,7,0.935171,5
2016,West Virginia,70.7679,88,70.5220,93,110.8294,44,114.8054,23,93.9723,14,92.4222,6,0.923722,6
2016,Kentucky,68.1451,222,67.6477,241,116.1217,8,122.3188,1,99.1131,70,98.9079,70,0.920054,7
2016,Oklahoma,71.2898,71,70.7839,83,111.2847,39,115.4054,20,97.6891,43,93.3339,11,0.919907,8
2016,Oregon,69.4792,145,68.7319,183,112.7072,23,119.4295,5,99.6220,83,97.4228,50,0.912309,9
2016,Purdue,67.8939,231,68.3123,208,114.0862,16,115.3478,21,94.9121,20,94.5410,18,0.907842,10
2016,Louisville,66.4185,296,66.9006,274,112.3419,30,109.7240,70,92.4564,5,90.4883,3,0.901730,11
2016,Wichita St.,66.1715,307,67.0012,266,109.5010,67,108.8761,81,89.0509,1,89.8992,1,0.900474,12
2016,Miami FL,66.1954,304,66.7858,280,113.7669,19,117.2087,12,101.0021,109,97.0896,44,0.897127,13
2016,Indiana,68.7995,187,68.7736,179,119.2026,2,119.0031,7,100.1648,92,98.6862,66,0.895935,14
2016,Xavier,72.8035,32,72.8921,29,111.9041,35,115.8190,18,97.5523,41,96.1605,36,0.894647,15
2016,Arizona,70.0436,118,69.2464,151,113.6440,20,116.0793,17,96.3315,31,96.5517,40,0.892664,16
2016,Texas A&M,68.3815,208,67.4493,248,110.0814,54,112.6196,36,95.4495,24,93.6759,12,0.892642,17
2016,Iowa St.,71.7188,59,71.8488,53,112.9510,22,120.5131,3,103.6523,168,100.3008,100,0.891989,18
2016,SMU,66.0679,311,66.6158,290,117.1366,5,116.3683,15,96.1653,30,96.9655,43,0.890675,19
2016,Iowa,69.2986,155,69.9327,117,112.1944,32,114.3595,25,99.1440,73,95.9064,31,0.883264,20
2016,California,68.1990,219,68.7592,180,109.0940,70,111.2369,47,97.4043,38,93.8120,15,0.876452,21
2016,Duke,68.4041,206,68.4867,196,118.0807,4,119.3285,6,105.0368,201,100.7395,111,0.875167,22
2016,Maryland,66.9454,277,68.0314,221,112.5107,26,113.8182,26,99.0853,69,96.2963,37,0.872416,23
2016,Baylor,67.1496,266,67.2709,256,112.4583,27,116.8462,13,102.6714,142,98.9939,72,0.870648,24
2016,Connecticut,66.4159,297,66.3404,298,108.7293,77,110.3529,60,93.7251,10,93.7009,13,0.867739,25
2016,Seton Hall,70.6797,93,70.2899,104,105.7248,129,110.6646,55,95.6630,26,93.9942,17,0.867337,26
2016,Vanderbilt,69.1900,164,68.5906,191,110.0171,55,112.8698,32,96.8101,33,96.0759,34,0.864432,27
2016,Gonzaga,68.3250,212,68.0180,223,116.1791,7,114.5405,24,97.8566,47,97.7651,55,0.860704,28
2016,Utah,67.2963,260,66.5022,293,111.5243,37,113.7216,27,101.3492,121,97.4843,51,0.854671,29
2016,Texas,66.8846,282,66.2906,301,105.7727,128,111.5020,44,101.1089,112,95.9667,32,0.848832,30
2016,Cincinnati,65.8060,321,65.8043,320,108.0153,89,107.6801,97,93.5777,9,93.1268,8,0.841554,31
2016,Wisconsin,64.0913,343,64.2540,341,106.6621,114,110.0018,67,99.9787,89,95.2908,24,0.839024,32
2016,Stephen F. Austin,69.1402,165,68.3289,205,115.0656,11,110.1820,66,93.0518,7,95.7068,29,0.834756,33
2016,Saint Mary's,62.4891,349,62.1030,349,119.7326,1,116.4604,14,97.9343,48,101.3754,125,0.831359,34
2016,VCU,69.9071,128,69.8881,119,109.9872,57,108.8148,82,95.4471,23,95.0221,21,0.826164,35
2016,Valparaiso,68.9010,178,67.1376,261,108.0920,88,106.5505,116,91.1490,3,93.2366,10,0.822738,36
2016,Saint Joseph's,70.4815,100,71.2555,65,109.9685,58,112.8851,31,98.8604,62,99.1673,74,0.816072,37
2016,Notre Dame,65.4047,326,65.8318,316,115.1057,10,117.8293,10,107.7963,269,103.6875,173,0.813109,38
2016,Butler,70.1183,113,68.8826,167,113.7749,18,115.6448,19,101.7935,128,101.7718,131,0.812995,39
2016,Yale,66.9779,276,66.7276,283,110.7441,45,107.9770,92,94.2337,15,95.0480,23,0.812550,40
2016,Syracuse,65.2376,330,65.7086,321,106.8056,110,109.3921,75,99.7255,84,96.3709,38,0.811142,41
2016,Texas Tech,66.9044,281,66.7154,286,107.0939,102,113.4953,28,103.3378,156,100.0731,92,0.809597,42
2016,Florida,69.9822,122,69.9844,113,104.4495,165,107.4782,99,97.5277,39,94.8077,20,0.808845,43
2016,San Diego St.,66.1824,305,65.8105,318,101.6606,223,102.5201,188,90.9089,2,90.4441,2,0.808651,44
2016,Pittsburgh,66.4386,295,66.3212,299,112.6680,25,112.7427,33,102.8731,147,99.8045,86,0.802469,45
2016,Providence,69.8500,130,69.3676,143,104.9284,150,107.8875,93,98.7422,60,95.6827,27,0.799085,46
2016,Arkansas Little Rock,64.0516,344,63.9891,345,108.8229,75,108.2962,85,93.1235,8,96.0982,35,0.798066,47
2016,Creighton,72.1766,48,70.9871,78,109.9185,59,109.4897,73,101.2980,116,97.2299,47,0.796678,48
2016,USC,72.8841,29,71.9974,49,109.5483,66,112.4158,37,101.2941,115,99.9481,89,0.794435,49
2016,Kansas St.,67.5906,246,67.5555,246,102.8564,196,107.4872,98,99.2513,74,95.8001,30,0.789805,50
2016,South Carolina,71.6856,60,71.1718,71,104.9044,153,106.5960,113,96.3489,32,95.0410,22,0.789096,51
2016,Florida St.,71.8760,55,72.3057,42,108.2660,84,111.7724,41,102.4691,140,99.7789,84,0.786732,52
2016,Clemson,63.7367,345,64.6645,337,108.4427,81,111.8281,40,100.2583,94,99.8783,88,0.785771,53
2016,Dayton,68.7810,188,68.8223,174,105.4450,134,104.7117,159,94.5946,18,93.7564,14,0.780893,54
2016,Colorado,71.0226,80,69.8132,124,105.3005,138,106.5583,115,98.8600,61,95.5140,26,0.778738,55
2016,Michigan,65.9924,314,66.7039,287,112.4315,28,112.6681,35,102.9556,150,101.0421,116,0.777726,56
2016,Houston,66.3333,299,66.9946,267,114.6714,13,116.1075,16,101.8403,130,104.3148,183,0.774114,57
2016,Tulsa,69.0244,173,69.3585,145,106.5940,116,110.8053,53,100.3242,96,99.7343,83,0.770397,58
2016,BYU,73.7309,16,74.3670,9,112.3811,29,110.1941,64,98.2677,52,99.2304,76,0.769447,59
2016,Oregon St.,68.5821,194,68.2383,211,104.9499,149,109.2744,77,102.8805,148,98.4263,62,0.768946,60
2016,Hawaii,71.2522,75,71.2336,67,107.9458,91,107.0042,105,92.6195,6,96.6456,41,0.763308,61
2016,Washington,77.6910,3,77.7362,4,105.2918,139,108.2571,86,101.0322,110,97.8006,56,0.762810,62
2016,Virginia Tech,69.6282,140,70.3636,100,105.4398,135,109.7851,69,102.0572,132,99.4076,78,0.758030,63
2016,Georgia Tech,67.1553,265,67.8948,228,108.2168,86,110.4400,59,105.6588,221,100.2080,96,0.753631,64
2016,Georgia,68.1606,221,67.7466,235,101.9196,216,106.4038,119,100.4975,100,96.6602,42,0.751094,65
2016,Princeton,69.3227,153,69.2671,149,111.9723,34,111.4443,46,98.8894,63,101.5194,127,0.745103,66
2016,Monmouth,73.8406,13,73.4998,18,106.7484,111,106.8110,107,95.9880,28,97.3861,49,0.743138,67
2016,Mississippi,70.0259,120,69.6612,130,106.6483,115,110.7196,54,102.2566,137,101.2060,122,0.737535,68
2016,Ohio St.,67.8541,234,68.8232,173,102.6429,200,105.5771,140,99.4151,78,96.5237,39,0.737111,69
2016,Georgetown,69.2468,159,68.9588,163,105.1174,142,109.6380,71,102.6212,141,100.2413,98,0.737002,70
2016,Memphis,73.6014,18,74.0571,13,103.2793,189,106.6492,111,94.9116,19,97.7289,54,0.731941,71
2016,UCLA,71.6359,61,70.4763,97,107.1052,101,110.9616,51,105.8882,227,101.7102,129,0.731285,72
2016,Iona,72.3431,42,72.1854,45,109.7627,63,110.3513,61,100.9844,108,101.1935,120,0.730330,73
2016,UNC Wilmington,70.5306,95,70.6846,87,109.0816,71,109.4197,74,100.5237,102,100.4047,105,0.728850,74
2016,Northwestern,64.4205,341,64.3722,339,109.8300,62,108.2445,87,100.4418,99,99.4278,80,0.726523,75
2016,Northern Iowa,63.7045,346,62.8842,346,105.5034,131,105.7019,135,98.1641,51,97.2032,45,0.723906,76
2016,George Washington,67.3784,255,66.9227,272,110.5910,48,111.0743,48,101.3125,118,102.1593,142,0.723555,77
2016,Evansville,68.8350,183,69.2147,153,106.5386,118,105.6924,136,94.3901,16,97.2169,46,0.723376,78
2016,St. Bonaventure,69.2300,160,68.7301,184,111.5056,38,113.3522,30,104.1863,176,104.2653,180,0.723311,79
2016,South Dakota St.,68.6290,191,68.9343,164,110.3636,51,109.1553,79,100.0372,90,100.4772,107,0.721652,80
2016,Mississippi St.,70.2253,108,70.3306,102,106.4386,119,107.7437,95,102.8634,145,99.4214,79,0.715950,81
2016,Hofstra,69.8943,129,70.0623,110,109.6625,65,110.2698,63,103.2321,153,101.7892,133,0.715103,82
2016,North Carolina St.,68.3931,207,68.6905,188,109.0615,72,112.6731,34,108.1630,280,104.2159,179,0.710395,83
2016,Akron,69.0527,170,68.4991,195,110.5668,49,109.3137,76,99.9385,87,101.1623,118,0.709139,84
2016,Arkansas,71.4168,66,70.5423,91,107.3039,97,108.1905,88,102.8551,144,100.1427,94,0.708666,85
2016,LSU,73.1257,24,72.9915,27,107.0736,103,110.1827,65,104.4096,181,102.1992,143,0.703702,86
2016,Temple,66.0022,313,66.8726,275,102.7853,197,105.0906,149,100.7458,105,97.5080,52,0.702915,87
2016,William & Mary,67.8511,235,69.2767,148,111.0133,43,112.1961,38,104.6141,187,104.1094,178,0.702716,88
2016,Rhode Island,65.0902,333,65.2953,327,105.8279,126,106.4078,118,98.3500,53,98.7779,67,0.701754,89
2016,James Madison,67.6647,244,68.0117,224,107.4172,94,106.2483,123,99.0132,65,98.6326,64,0.701685,90
2016,Alabama,66.1525,308,65.3770,325,100.2229,242,104.6662,160,101.8027,129,97.3071,48,0.698126,91
2016,UC Santa Barbara,68.2591,217,67.7192,238,103.9421,180,106.3457,121,99.4689,82,98.9044,69,0.697249,92
2016,Stony Brook,67.5992,245,67.3630,253,111.2569,41,105.7641,131,95.9682,27,98.3679,61,0.697138,93
2016,UC Irvine,67.3563,257,68.0892,219,104.2162,172,105.2033,145,97.6895,44,97.8635,58,0.696711,94
2016,Cal St. Bakersfield,68.1166,225,68.5817,192,104.6344,162,102.2287,199,92.1481,4,95.4619,25,0.687313,95
2016,Nebraska,67.2298,262,67.9487,226,106.5455,117,108.4903,84,102.2377,136,101.3545,124,0.686200,96
2016,Arizona St.,69.7922,136,68.8049,178,104.2058,173,107.8435,94,105.1091,204,100.7664,112,0.685804,97
2016,Oakland,74.8081,9,74.0233,14,114.5599,14,115.0374,22,104.8670,193,107.6269,249,0.682600,98
2016,Oklahoma St.,65.0779,334,64.7119,336,100.9429,233,104.4347,166,102.1344,134,97.8582,57,0.678741,99
2016,Long Beach St.,69.9817,123,70.6501,88,102.8968,194,106.0445,126,103.5424,161,99.4701,81,0.676126,100
2016,Boise St.,70.3486,103,70.3498,101,107.1507,100,106.8068,109,101.4354,122,100.3852,104,0.671081,101
2016,UT Arlington,72.9625,26,73.5042,17,107.1974,99,105.5480,141,95.5795,25,99.2125,75,0.670815,102
2016,Stanford,67.1118,270,66.6768,289,102.2266,206,106.0817,125,105.4807,217,99.8738,87,0.666741,103
2016,Marquette,72.4291,40,71.0093,76,103.6799,185,106.3562,120,100.9750,107,100.3449,103,0.661296,104
2016,Fresno St.,70.1189,112,69.6766,129,104.6446,161,106.2311,124,99.8094,86,100.3107,101,0.659141,105
2016,Chattanooga,67.4188,253,67.0486,265,109.6847,64,105.1179,148,98.6493,58,99.3391,77,0.657065,106
2016,Richmond,68.8709,179,69.0134,158,109.8869,60,111.6174,42,106.0422,230,105.4909,207,0.656830,107
2016,Davidson,71.0919,78,70.5017,96,110.7269,46,113.3898,29,109.4421,307,107.7145,250,0.643477,108
2016,New Mexico St.,66.8480,285,66.4490,296,104.4495,166,101.0901,217,93.9252,13,96.0708,33,0.642369,109
2016,Tennessee,70.8982,84,69.3813,142,105.9327,124,108.7279,83,106.3271,233,103.5055,172,0.637857,110
2016,Old Dominion,62.9022,347,62.3389,348,108.2589,85,105.0079,151,97.7916,45,100.2289,97,0.630804,111
2016,Siena,70.9313,83,70.8048,82,108.5424,80,108.0186,91,101.1005,111,103.1999,168,0.628272,112
2016,Louisiana Lafayette,70.9590,82,70.9240,79,108.5745,79,108.9505,80,102.8452,143,104.3450,184,0.621682,113
2016,UAB,69.0481,172,69.3025,146,111.2585,40,107.2952,102,100.5206,101,102.7945,156,0.620764,114
2016,Columbia,65.9466,317,65.8283,317,111.7706,36,111.0319,49,104.2393,178,106.3834,225,0.620537,115
2016,UNC Asheville,70.5102,96,71.1008,73,104.8938,154,102.4821,190,97.0228,36,98.2161,60,0.619862,116
2016,Green Bay,76.8253,5,76.6140,6,107.0286,104,107.6918,96,103.1441,152,103.2203,169,0.619562,117
2016,Milwaukee,67.8880,232,67.0720,264,112.2912,31,110.9547,52,104.9951,200,106.5784,229,0.613672,118
2016,Illinois St.,67.5649,248,67.9806,225,99.2575,261,102.5321,187,97.5400,40,98.6756,65,0.608471,119
2016,College of Charleston,65.0622,335,64.7529,335,98.4020,281,96.8478,302,95.0201,21,93.2131,9,0.608236,120
2016,Albany,67.4873,250,67.2869,255,109.4796,68,105.6607,138,96.8380,34,101.7159,130,0.607681,121
2016,Louisiana Monroe,66.5866,292,66.5696,291,105.0075,147,106.7658,110,103.0574,151,103.0524,163,0.600391,122
2016,Middle Tennessee,69.2026,162,68.3403,204,104.1472,175,102.2527,197,98.3849,54,98.9421,71,0.593512,123
2016,IPFW,69.9365,124,70.3241,103,111.1341,42,111.5437,43,107.7173,266,108.0551,255,0.590349,124
2016,Illinois,68.5524,195,68.4809,197,102.1691,208,104.9355,153,106.5094,239,101.8153,135,0.585921,125
2016,Northeastern,65.8096,319,65.8616,314,104.8296,157,105.8322,130,104.2402,179,102.8239,157,0.582154,126
2016,Toledo,70.1508,111,69.9603,114,109.8519,61,106.3335,122,102.3016,138,103.3323,170,0.581576,127
2016,Ohio,70.2163,109,70.0557,111,110.3605,52,111.0281,50,105.8294,225,107.9890,253,0.579123,128
2016,Grand Canyon,70.0915,115,70.1811,107,107.6703,92,103.0817,179,96.9678,35,100.2935,99,0.578188,129
2016,Buffalo,72.3903,41,73.0154,25,104.9169,152,105.1394,147,103.8781,171,102.4366,147,0.574321,130
2016,New Mexico,72.1925,47,71.4632,62,105.0542,145,106.5832,114,101.3278,119,103.8816,174,0.573281,131
2016,Weber St.,68.5252,197,67.9301,227,107.0104,107,102.5845,184,98.1506,50,100.0384,90,0.571757,132
2016,Wake Forest,72.0052,52,72.5014,39,101.9758,213,104.4965,164,109.0503,297,101.9742,139,0.569790,133
2016,UNLV,73.5452,19,74.1913,11,101.5270,224,101.3387,215,98.5364,56,99.1553,73,0.562298,134
2016,Pepperdine,68.0557,226,68.2803,209,105.5428,130,104.8557,155,104.4328,183,102.6204,150,0.561636,135
2016,TCU,70.0633,117,70.2441,105,95.7424,313,99.8084,248,102.0996,133,97.7011,53,0.561047,136
2016,Wright St.,67.7891,238,66.1323,304,100.7476,237,100.1454,238,97.7918,46,98.1462,59,0.557716,137
2016,Penn St.,66.2097,303,67.1624,260,98.5661,275,102.2583,196,104.2068,177,100.3258,102,0.554635,138
2016,Morehead St.,66.0123,312,65.8709,313,106.2280,122,104.0166,171,101.7012,127,102.0946,141,0.553418,139
2016,Belmont,72.9229,27,72.5122,38,112.6971,24,111.4892,45,107.3832,257,109.5044,280,0.551460,140
2016,Towson,65.9690,316,66.2949,300,105.0991,144,105.0249,150,102.3401,139,103.1674,166,0.551124,141
2016,Utah St.,68.0207,228,67.8609,230,107.3864,96,110.4669,58,106.5938,241,108.5234,265,0.550855,142
2016,North Dakota St.,65.8194,318,64.8869,332,102.6564,199,100.5470,230,99.0519,68,98.8307,68,0.549339,143
2016,East Tennessee St.,69.6657,139,69.8784,121,108.3205,83,107.4582,100,106.4402,237,105.6664,210,0.548193,144
2016,Nebraska Omaha,76.0062,6,76.7252,5,108.6559,78,108.1580,89,105.7763,223,106.5673,228,0.542494,145
2016,Nevada,72.0782,50,72.1054,46,97.8420,287,97.0527,296,97.5888,42,95.7044,28,0.540133,146
2016,Montana,66.9448,278,66.0114,310,107.4158,95,105.5063,142,101.2531,113,104.0521,177,0.539819,147
2016,Winthrop,72.9047,28,73.3441,21,110.1105,53,107.4535,101,104.0018,173,106.0601,221,0.537454,148
2016,Vermont,68.8511,181,68.2330,212,108.3481,82,107.1304,104,103.5570,163,105.8039,215,0.535759,149
2016,High Point,66.7120,289,66.8695,276,112.1569,33,109.1864,78,104.8760,194,107.9321,252,0.533170,150
2016,Southern Illinois,69.9077,127,70.5094,95,104.6703,160,105.6670,137,99.3332,77,104.4586,187,0.533019,151
2016,Eastern Michigan,71.5886,62,71.2250,69,105.3672,136,105.8614,129,106.9962,246,104.6515,189,0.533001,152
2016,Marshall,77.6173,4,78.1132,2,109.9879,56,110.6213,56,108.4664,286,109.5107,282,0.528977,153
2016,Central Michigan,67.2786,261,67.1009,262,110.6415,47,109.8350,68,109.0551,298,108.7749,272,0.527855,154
2016,Ball St.,66.2631,301,66.2256,303,103.6680,186,102.2352,198,99.1162,71,101.5416,128,0.519560,155
2016,Louisiana Tech,72.2788,44,71.7516,57,106.6627,113,103.5017,176,100.3652,98,102.9363,159,0.515743,156
2016,Texas A&M Corpus Chris,69.5750,142,69.0986,155,104.2715,171,101.6985,210,99.9710,88,101.1946,121,0.514276,157
2016,Colorado St.,69.3770,151,68.7103,185,110.5022,50,110.5471,57,109.2586,302,110.0909,292,0.511885,158
2016,Elon,71.2732,73,71.7071,58,104.0328,177,105.4831,143,106.3890,235,105.0895,197,0.510747,159
2016,Florida Gulf Coast,69.3620,152,67.6355,242,107.0249,105,102.9264,182,101.6370,124,102.9661,160,0.498892,160
2016,Tennessee St.,69.0013,175,68.9776,161,104.9195,151,100.9571,223,99.2853,76,101.0955,117,0.496063,161
2016,Coastal Carolina,67.7451,240,67.4324,249,104.7629,159,102.9788,181,100.7030,104,103.1943,167,0.493992,162
2016,Furman,65.9750,315,65.8073,319,105.8122,127,104.9423,152,103.4297,158,105.1883,200,0.493271,163
2016,Fordham,68.2925,215,67.0738,263,102.6328,201,101.5572,212,100.3392,97,101.8355,136,0.492132,164
2016,Northern Illinois,68.5405,196,68.6986,187,101.7447,221,100.2353,237,100.2677,95,100.5230,109,0.491760,165
2016,Murray St.,64.7724,337,64.8240,334,106.6834,112,105.7613,132,103.8986,172,106.1423,222,0.489665,166
2016,Duquesne,73.1932,21,73.4665,19,105.5025,132,105.1439,146,105.5707,219,105.6179,208,0.487071,167
2016,Detroit,75.0417,8,74.2571,10,108.9926,73,109.5924,72,110.8891,323,110.2260,295,0.483433,168
2016,Western Kentucky,68.4534,201,67.8235,233,108.9728,74,108.0345,90,109.4165,305,108.7309,271,0.481535,169
2016,Oral Roberts,70.2762,107,69.5585,135,105.3526,137,106.4915,117,109.8066,310,107.2902,241,0.478531,170
2016,Massachusetts,71.7268,58,71.5061,61,100.5156,240,100.9846,220,104.0081,174,101.8711,137,0.474893,171
2016,Bucknell,71.2999,70,71.9626,51,107.2749,98,103.9072,173,101.3028,117,104.8943,192,0.472844,172
2016,Lehigh,67.0766,271,68.8104,177,104.8407,156,104.5141,163,103.8156,169,105.6397,209,0.469242,173
2016,Missouri,69.2024,163,69.2541,150,99.1989,263,103.1362,178,105.4032,214,104.2683,181,0.468654,174
2016,Texas Southern,68.0398,227,68.4740,198,107.0106,106,105.9160,127,102.8691,146,107.1775,239,0.466014,175
2016,Kent St.,67.9423,230,68.0240,222,106.4053,120,105.3981,144,106.4673,238,106.8607,233,0.460460,176
2016,Wagner,67.5194,249,66.4937,294,103.6041,187,100.0160,243,94.4385,17,101.4043,126,0.460450,177
2016,Wyoming,66.1717,306,65.6238,322,105.2689,140,107.2199,103,108.0277,274,108.7218,270,0.460093,178
2016,Western Michigan,68.4072,204,68.8179,175,102.2923,205,102.4386,191,105.3753,212,103.9008,175,0.459342,179
2016,Harvard,67.1407,267,66.8472,277,98.8942,269,98.6155,278,100.0749,91,100.1786,95,0.454910,180
2016,Georgia St.,64.9499,336,65.5371,324,98.5190,279,98.7482,276,99.1285,72,100.4332,106,0.451510,181
2016,Indiana St.,70.0209,121,71.0042,77,95.1855,318,97.7653,290,98.4096,55,99.4940,82,0.449777,182
2016,Fairfield,72.2188,45,71.8819,52,104.3521,167,104.0719,170,104.8323,192,106.0010,219,0.447394,183
2016,Wofford,66.1154,309,66.1141,305,105.5005,133,104.8286,158,107.8966,270,106.8684,234,0.444820,184
2016,Loyola Chicago,65.2521,329,66.0869,307,96.2096,306,99.0021,266,99.0250,66,100.9732,113,0.443563,185
2016,North Florida,71.7400,57,71.0686,74,116.0772,9,112.1130,39,111.2138,329,114.4417,336,0.441168,186
2016,Western Carolina,69.3810,150,69.4489,139,100.6739,238,100.9360,224,105.2967,210,103.0481,162,0.440739,187
2016,Mercer,65.0963,332,64.2269,342,107.5696,93,105.7527,133,104.6075,186,108.1370,261,0.436249,188
2016,Denver,62.6887,348,61.8999,350,103.8227,183,101.8939,209,104.4406,184,104.2693,182,0.434132,189
2016,Eastern Kentucky,73.2058,20,73.0156,24,108.7699,76,105.9144,128,108.9539,293,108.9352,276,0.419848,190
2016,UCF,68.3505,211,68.6502,190,99.2996,260,99.7258,251,103.6501,167,102.7544,155,0.414826,191
2016,North Dakota,71.8698,56,72.5775,36,100.8184,236,98.3429,284,99.4377,79,101.3461,123,0.414367,192
2016,Charlotte,72.0918,49,71.1950,70,106.8355,109,104.1357,167,108.9839,295,107.3214,242,0.414222,193
2016,Eastern Washington,69.8100,133,69.9066,118,113.8850,17,110.2768,62,110.9536,325,113.6565,332,0.414073,194
2016,Washington St.,70.4949,98,69.5228,137,98.1096,285,102.0151,207,108.9634,294,105.2649,204,0.410807,195
2016,San Francisco,70.7292,91,71.6794,59,106.2901,121,106.6067,112,109.2847,303,110.0377,290,0.409923,196
2016,Tennessee Tech,70.3094,105,70.1644,108,109.2412,69,106.8361,106,107.7103,265,110.3553,297,0.407886,197
2016,Navy,65.1109,331,65.8370,315,101.9409,214,99.1196,262,98.5566,57,102.4664,148,0.405671,198
2016,Georgia Southern,70.1160,114,69.4334,140,104.0186,179,103.9367,172,107.4996,260,107.5077,247,0.404084,199
2016,UNC Greensboro,68.3668,209,68.2055,216,103.9123,181,103.5419,174,108.4579,284,107.1918,240,0.401695,200
2016,DePaul,68.4865,198,67.7440,236,98.1235,284,102.0617,205,109.5102,308,105.7466,211,0.399419,201
2016,Texas St.,64.6913,339,64.2780,340,98.8113,273,99.1168,263,100.6471,103,102.7353,154,0.398349,202
2016,George Mason,67.7218,241,69.0054,159,97.7716,290,100.6389,227,105.8033,224,104.3988,185,0.396082,203
2016,IUPUI,69.6250,141,69.5341,136,96.6513,297,98.9276,267,104.7260,189,102.7255,153,0.393355,204
2016,Rider,65.5600,322,65.3363,326,98.9798,267,98.8935,268,101.2858,114,102.6932,152,0.393272,205
2016,Idaho,67.1174,269,66.2451,302,100.4378,241,98.7789,273,99.4418,80,102.5909,149,0.392826,206
2016,Saint Peter's,66.4467,294,65.2014,329,97.6719,292,96.3161,308,99.0376,67,100.0770,93,0.391623,207
2016,Auburn,72.5817,34,72.4201,41,96.4220,300,99.1988,261,107.5612,263,103.1668,165,0.389114,208
2016,Tennessee Martin,66.8190,286,67.1902,258,104.8412,155,104.0984,169,106.4256,236,108.2825,264,0.388606,209
2016,East Carolina,67.0598,273,67.8125,234,99.5437,258,100.9602,222,105.1403,206,105.0459,196,0.387883,210
2016,Austin Peay,70.3103,104,70.3919,98,104.7914,158,104.4406,165,108.1274,279,108.8562,275,0.383147,211
2016,NJIT,70.7786,87,70.1269,109,105.1162,143,100.6579,226,105.0544,202,104.9616,193,0.381905,212
2016,Cal Poly,67.7068,242,66.9090,273,104.3147,169,105.6238,139,111.0838,328,110.3360,296,0.377086,213
2016,Sam Houston St.,68.7546,189,67.6869,239,104.0296,178,101.9358,208,103.5812,164,106.5130,227,0.376337,214
2016,Tulane,67.8086,237,68.6562,189,94.8286,321,96.5846,306,101.6736,125,101.0124,115,0.373912,215
2016,Bowling Green,69.2727,156,68.9759,162,100.1594,243,100.7739,225,105.6699,222,105.4122,206,0.373440,216
2016,South Dakota,71.3285,69,71.7911,56,104.3380,168,104.6139,162,110.9155,324,109.5100,281,0.371450,217
2016,Minnesota,68.4398,202,69.3903,141,98.0988,286,98.8236,271,107.1839,251,103.4939,171,0.370277,218
2016,Portland,72.3280,43,72.5993,35,106.0496,123,105.7309,134,109.9291,312,110.7391,305,0.370000,219
2016,Gardner Webb,69.8301,132,69.7821,125,101.2877,229,100.4176,235,105.1647,207,105.2181,202,0.368880,220
2016,Samford,68.8129,186,68.9968,160,102.8760,195,102.1217,202,105.4461,216,107.0200,235,0.368470,221
2016,Hampton,71.8773,54,72.1900,44,102.1313,209,99.9505,244,100.9250,106,104.8024,191,0.366998,222
2016,UTEP,72.4768,37,72.4602,40,104.5019,164,102.1973,200,103.2883,155,107.3901,243,0.361243,223
2016,Radford,66.8645,284,66.7448,282,104.1797,174,103.2284,177,106.5459,240,108.5269,266,0.359941,224
2016,Southern,69.4786,146,69.9379,116,102.5434,202,100.0521,241,99.7801,85,105.2173,201,0.359193,225
2016,Boston University,69.5097,143,70.7278,86,103.6879,184,102.1358,201,103.6011,165,107.4516,245,0.358133,226
2016,Jackson St.,68.1413,223,68.2644,210,97.5246,294,94.8541,320,95.3358,22,100.0416,91,0.351526,227
2016,Loyola Marymount,67.9484,229,68.1975,217,101.8239,217,102.5096,189,108.8861,292,108.1200,260,0.351424,228
2016,Canisius,68.9572,176,67.8822,229,107.9696,90,106.8069,108,110.7181,318,112.7104,327,0.350078,229
2016,UC Riverside,68.1964,220,67.8563,231,99.6083,256,99.7420,250,103.2802,154,105.2877,205,0.349267,230
2016,Dartmouth,68.5903,193,68.4629,200,100.1558,244,98.4657,282,103.4815,159,104.0030,176,0.347695,231
2016,Norfolk St.,68.4060,205,68.8151,176,106.9519,108,104.8446,157,107.2940,255,110.7511,306,0.347451,232
2016,New Hampshire,67.8677,233,67.6725,240,101.3571,228,98.8354,269,103.4288,157,104.4332,186,0.346703,233
2016,Manhattan,69.0520,171,68.7000,186,98.5270,278,98.7909,272,104.6520,188,104.5246,188,0.343263,234
2016,Miami OH,65.5352,324,65.1848,330,96.1860,307,96.6875,305,104.7708,190,102.3435,145,0.342139,235
2016,FIU,66.8674,283,66.1114,306,105.1273,141,102.1095,203,105.3874,213,108.1111,258,0.341459,236
2016,South Florida,67.1227,268,67.5871,244,93.9985,325,97.2861,295,106.3553,234,103.0458,161,0.340415,237
2016,Incarnate Word,69.4796,144,68.3230,206,102.4524,204,102.0989,204,106.1869,231,108.1761,262,0.339637,238
2016,Pacific,67.8239,236,67.6227,243,99.0872,265,98.7590,274,107.7819,268,104.7449,190,0.336994,239
2016,Western Illinois,68.6109,192,68.8837,166,100.0628,248,99.6881,252,107.2000,253,105.7648,213,0.336155,240
2016,St. John's,73.1524,23,73.5446,16,91.4927,336,96.2873,309,104.9299,197,102.2368,144,0.334149,241
2016,Cal St. Northridge,71.4104,67,71.8484,54,97.7407,291,99.6066,253,105.9823,229,105.7725,214,0.333874,242
2016,Saint Louis,69.4121,149,69.7327,128,93.8666,326,95.7222,314,103.5043,160,101.7891,132,0.330325,243
2016,Missouri St.,68.9081,177,69.8622,122,96.3403,302,98.6090,279,105.0785,203,105.1087,198,0.324302,244
2016,Colgate,65.2762,328,65.6047,323,103.8269,182,103.5132,175,107.5041,261,110.3831,298,0.323232,245
2016,Drexel,65.5485,323,65.1772,331,96.1834,308,99.0864,264,107.1813,250,105.7468,212,0.321226,246
2016,Kennesaw St.,70.3813,102,69.5743,134,100.6210,239,101.1647,216,110.4817,317,108.1124,259,0.317811,247
2016,Northern Kentucky,69.2702,157,68.2115,215,99.3436,259,100.5324,231,108.2394,283,107.4809,246,0.316786,248
2016,Santa Clara,66.4905,293,66.6860,288,98.8266,271,100.9938,219,108.5553,287,108.0506,254,0.315029,249
2016,Arkansas St.,72.5770,35,72.8678,31,98.4587,280,99.5465,255,105.4896,218,106.6059,230,0.312617,250
2016,Army,72.4325,39,72.7519,33,103.1997,190,97.9548,287,101.4987,123,104.9914,194,0.310500,251
2016,UC Davis,66.6557,290,66.7206,284,92.3879,333,91.8789,336,98.9270,64,98.5124,63,0.309668,252
2016,Appalachian St.,70.8310,85,71.2553,66,99.7228,252,102.4319,192,109.3691,304,109.8579,287,0.308983,253
2016,Penn,68.3124,213,68.7434,182,98.6728,274,99.0536,265,104.8010,191,106.3191,224,0.307037,254
2016,Mount St. Mary's,69.8316,131,69.2833,147,95.4458,317,92.9241,333,97.9900,49,99.8029,85,0.305495,255
2016,Montana St.,70.4895,99,69.5201,138,108.1240,87,104.8506,156,110.2515,314,112.6209,325,0.305309,256
2016,Air Force,68.8318,184,67.5445,247,96.1161,310,97.8799,288,105.1333,205,105.1514,199,0.304897,257
2016,Boston College,67.0355,274,67.5811,245,90.8534,339,93.3093,329,105.2050,208,100.4934,108,0.298810,258
2016,Portland St.,72.8823,30,72.9994,26,104.1325,176,101.6769,211,107.1896,252,109.5325,283,0.298208,259
2016,South Alabama,70.2790,106,70.5823,89,95.0275,319,94.9837,318,103.8458,170,102.3908,146,0.296598,260
2016,San Jose St.,70.4793,101,70.5600,90,95.4971,316,95.2862,317,105.3459,211,102.8420,158,0.293685,261
2016,UMKC,67.4719,251,66.9372,270,101.7774,219,102.2803,195,107.9734,272,110.5075,302,0.291170,262
2016,Stetson,72.4449,38,71.3343,63,104.9554,148,104.1188,168,113.7323,340,112.5591,324,0.289794,263
2016,La Salle,66.7933,288,66.9357,271,94.9706,320,98.2703,285,111.2591,330,106.4415,226,0.285254,264
2016,South Carolina St.,68.3121,214,68.3965,203,104.3018,170,103.0807,180,106.8731,244,111.6532,318,0.285226,265
2016,Eastern Illinois,68.2331,218,68.2170,214,100.9151,234,99.8424,246,108.2153,281,108.5902,267,0.275705,266
2016,Jacksonville,71.9515,53,71.2823,64,103.0216,193,99.8293,247,107.5161,262,108.6492,268,0.274158,267
2016,Holy Cross,64.7290,338,64.4467,338,99.1292,264,97.0103,297,105.6559,220,105.8374,216,0.268646,268
2016,Youngstown St.,73.7665,15,73.4116,20,100.1256,246,102.5781,185,113.9375,342,111.9895,321,0.267084,269
2016,Brown,70.7855,86,71.1444,72,101.5061,226,101.4308,214,108.7494,288,110.8231,309,0.265336,270
2016,Fairleigh Dickinson,72.0721,51,72.5183,37,105.0428,146,104.6473,161,108.2276,282,114.3671,335,0.264755,271
2016,Rice,71.1931,76,70.7301,85,105.8898,125,104.9081,154,114.1583,343,114.6533,341,0.264731,272
2016,Delaware,67.4209,252,68.3151,207,97.8110,288,100.9644,221,111.4784,332,110.4325,301,0.262926,273
2016,San Diego,66.4052,298,67.1733,259,90.7912,340,93.2097,331,104.6047,185,101.9723,138,0.262451,274
2016,Cal St. Fullerton,69.9282,126,69.2287,152,98.8287,270,100.6259,228,108.0703,275,110.1009,293,0.262144,275
2016,Idaho St.,71.5155,65,71.0142,75,101.9775,212,98.5315,281,105.8661,226,107.8536,251,0.261232,276
2016,Houston Baptist,71.1763,77,70.9229,80,102.4793,203,102.0235,206,110.1686,313,111.8606,320,0.257581,277
2016,Cornell,72.6738,33,73.0563,23,96.3627,301,97.6393,292,108.8204,289,107.0589,237,0.257475,278
2016,Drake,65.8067,320,66.4030,297,99.8583,250,102.3656,193,109.4397,306,112.3046,322,0.256235,279
2016,Lipscomb,73.9974,11,73.7734,15,103.5127,188,100.4407,233,110.3807,316,110.3907,300,0.252322,280
2016,St. Francis NY,66.6198,291,66.7722,281,96.0300,312,93.3362,328,99.2764,75,102.6716,151,0.250441,281
2016,Alabama St.,69.2149,161,69.7610,126,99.6116,255,98.8312,270,104.8966,195,108.9604,277,0.245629,282
2016,Sacramento St.,69.1182,168,69.0223,157,101.0279,231,97.5068,293,105.9724,228,107.5649,248,0.244349,283
2016,LIU Brooklyn,73.0232,25,73.0651,22,103.1062,192,100.3241,236,104.2736,180,110.8616,310,0.240747,284
2016,Liberty,64.1030,342,64.2191,343,98.5300,277,99.3651,257,109.0138,296,109.8534,286,0.239763,285
2016,Loyola MD,67.3895,254,67.8428,232,101.1072,230,100.6144,229,108.8489,290,111.2702,315,0.239093,286
2016,Utah Valley,74.3567,10,75.3172,7,98.9491,268,99.3754,256,106.7819,243,109.9266,288,0.238586,287
2016,Longwood,69.8068,135,70.2286,106,102.0353,210,100.4803,232,110.9631,326,111.1943,313,0.237731,288
2016,Troy,69.0928,169,68.7557,181,96.9393,295,96.7121,304,107.4434,259,107.0280,236,0.237661,289
2016,Rutgers,71.3652,68,71.5740,60,93.3867,329,95.5058,315,112.5051,338,106.0274,220,0.231143,290
2016,Quinnipiac,69.7681,137,69.5981,133,93.1273,331,91.5429,338,100.1972,93,101.8126,134,0.227453,291
2016,North Texas,70.7578,89,70.5316,92,101.7050,222,100.0553,240,110.7522,319,111.4630,317,0.224149,292
2016,Campbell,69.6671,138,68.8693,169,101.7713,220,100.1014,239,108.0747,276,111.7372,319,0.220182,293
2016,North Carolina Central,67.0764,272,66.4897,295,100.0654,247,98.5608,280,104.4274,182,110.1148,294,0.218441,294
2016,Sacred Heart,72.2035,46,72.0354,47,101.5232,225,99.2668,260,107.1193,249,110.9232,311,0.218093,295
2016,Seattle,66.9160,279,66.5461,292,95.6119,314,93.8309,324,102.0475,131,104.9998,195,0.215288,296
2016,Marist,69.0212,174,68.8703,168,101.7787,218,102.3146,194,112.2712,336,114.5158,337,0.214907,297
2016,Alcorn St.,66.3006,300,66.0446,309,98.2264,283,98.6868,277,106.9316,245,110.6014,304,0.212354,298
2016,St. Francis PA,66.9795,275,66.7965,279,102.2235,207,100.4269,234,107.5928,264,112.6490,326,0.210696,299
2016,Bethune Cookman,68.3618,210,67.3548,254,99.7522,251,97.7435,291,106.7107,242,109.6458,284,0.210578,300
2016,Cleveland St.,66.1013,310,64.8782,333,91.0135,338,90.0196,343,104.9196,196,101.1899,119,0.206662,301
2016,VMI,69.1217,167,69.6560,131,96.1772,309,96.9826,298,110.9863,327,109.0561,278,0.205984,302
2016,Charleston Southern,68.8252,185,68.8859,165,98.8191,272,97.8265,289,110.7953,321,110.0141,289,0.205830,303
2016,Morgan St.,69.1331,166,69.8467,123,96.5356,299,94.8565,319,103.5545,162,106.7358,231,0.204744,304
2016,Florida Atlantic,68.6953,190,68.4287,201,95.5327,315,95.3467,316,107.9228,271,107.4041,244,0.202715,305
2016,American,62.0260,350,62.3687,347,92.0236,335,93.2244,330,104.9477,198,105.2649,203,0.198307,306
2016,Jacksonville St.,66.2128,302,66.0670,308,99.9248,249,97.4232,294,109.1232,299,110.0384,291,0.197769,307
2016,The Citadel,80.6078,1,81.6212,1,103.1264,191,102.6962,183,116.3181,349,116.1707,346,0.195010,308
2016,Robert Morris,69.4561,147,69.0348,156,93.5378,328,90.9745,341,101.3363,120,103.1104,164,0.191538,309
2016,UMass Lowell,73.9834,12,74.1702,12,100.8390,235,101.0086,218,111.5031,333,114.5718,339,0.190162,310
2016,Southern Miss,64.6748,340,64.0469,344,96.2804,304,96.2524,310,107.2911,254,109.3517,279,0.187347,311
2016,Northern Colorado,69.9306,125,69.3610,144,104.5872,163,102.5335,186,116.1164,348,116.5457,349,0.186475,312
2016,Alabama A&M,65.4440,325,65.9404,312,101.4123,227,99.3552,258,105.2887,209,113.1337,328,0.183398,313
2016,Maryland Eastern Shore,67.5766,247,68.0411,220,97.6374,293,98.7557,275,109.2184,300,112.5523,323,0.181854,314
2016,Southeastern Louisiana,70.0341,119,68.8248,172,99.5522,257,96.8960,300,108.1012,277,110.5788,303,0.179603,315
2016,Hartford,70.0757,116,69.8876,120,99.0575,266,100.0499,242,111.3884,331,114.1816,333,0.179551,316
2016,Niagara,67.3464,258,66.9602,268,94.4736,324,93.7380,325,105.4158,215,107.1380,238,0.177036,317
2016,USC Upstate,68.1230,224,67.4026,251,102.6949,198,99.7932,249,116.6071,350,114.2579,334,0.174133,318
2016,Abilene Christian,69.2993,154,68.5260,193,99.6473,254,96.7314,303,109.2218,301,110.8099,308,0.173273,319
2016,Savannah St.,67.1771,264,66.7157,285,90.3251,342,87.8349,349,99.4524,81,100.7151,110,0.171701,320
2016,New Orleans,73.6075,17,72.8880,30,98.5487,276,96.1990,311,106.9983,247,110.3907,299,0.170444,321
2016,Lamar,73.1649,22,72.9412,28,100.1322,245,96.8903,301,107.7592,267,111.3236,316,0.168414,322
2016,SIU Edwardsville,67.7541,239,66.9392,269,96.1106,311,94.0140,323,108.4627,285,108.2293,263,0.165302,323
2016,Lafayette,69.8095,134,69.9575,115,99.6483,253,99.3255,259,112.3901,337,114.6042,340,0.161726,324
2016,Binghamton,67.3727,256,66.0007,311,89.8262,343,88.4182,348,101.6742,126,102.0449,140,0.161332,325
2016,Nicholls St.,70.9688,81,69.2127,154,92.4254,332,92.3531,334,107.9951,273,106.7599,232,0.158815,326
2016,Coppin St.,71.2772,72,70.8301,81,96.8037,296,96.0129,313,109.7211,309,111.0839,312,0.157528,327
2016,Central Arkansas,73.7754,14,72.7321,34,101.9222,215,99.9354,245,113.7481,341,115.7126,344,0.156337,328
2016,Northwestern St.,75.0917,7,74.4353,8,101.9964,211,101.5502,213,115.3664,347,117.6507,350,0.155458,329
2016,Presbyterian,68.2785,216,67.7424,237,94.6963,323,94.1940,322,107.3632,256,109.7237,285,0.147418,330
2016,McNeese St.,70.6157,94,68.8271,171,99.2449,262,98.4612,283,110.7584,320,114.7230,342,0.147058,331
2016,Howard,71.5808,63,71.2256,68,96.6315,298,93.1140,332,104.9811,199,108.6642,269,0.144794,332
2016,UMBC,70.7373,90,70.5201,94,100.9757,232,99.5827,254,113.4506,339,116.2262,347,0.144635,333
2016,Maine,77.7627,2,77.7949,3,96.2538,305,96.4837,307,110.3497,315,113.3880,329,0.135103,334
2016,Prairie View A&M,68.8694,180,69.6515,132,87.7105,348,90.0433,342,102.9343,149,105.9709,218,0.133190,335
2016,North Carolina A&T,68.4742,199,68.4730,199,96.3065,303,96.0519,312,108.1043,278,113.4251,330,0.128766,336
2016,Illinois Chicago,72.5655,36,72.2894,43,88.2985,346,89.4085,345,107.4203,258,105.9011,217,0.124899,337
2016,Bradley,67.3462,259,68.2274,213,82.3456,351,85.1547,350,104.0658,175,100.9917,114,0.123301,338
2016,Mississippi Valley St.,71.2592,74,71.9901,50,90.3442,341,91.7284,337,106.2434,232,108.8117,273,0.123029,339
2016,Southern Utah,69.4372,148,68.8400,170,98.2413,282,98.0481,286,117.8495,351,116.4219,348,0.121823,340
2016,UTSA,72.8261,31,72.7887,32,97.7780,289,96.9132,299,115.3290,346,115.4922,343,0.117434,341
2016,Southeast Missouri St.,71.5666,64,71.8141,55,91.1621,337,91.0673,340,108.8705,291,108.8512,274,0.113911,342
2016,Northern Arizona,71.0511,79,70.7717,84,92.3133,334,92.2790,335,114.2949,344,110.7551,307,0.109213,343
2016,Arkansas Pine Bluff,65.3422,327,65.2198,328,86.6389,350,89.2077,346,107.0089,248,108.0692,257,0.099236,344
2016,Bryant,68.4320,203,68.5158,194,93.5459,327,93.4137,327,110.8585,322,113.5953,331,0.095397,345
2016,Grambling St.,67.2146,263,66.8460,278,87.8229,347,88.7275,347,103.6191,166,108.0655,256,0.093857,346
2016,UT Rio Grande Valley,68.4722,200,68.4230,202,94.7692,322,94.2104,321,114.5644,345,115.8297,345,0.085037,347
2016,Delaware St.,66.8184,287,67.2428,257,88.5797,345,89.5763,344,109.8568,311,111.2108,314,0.076713,348
2016,Chicago St.,70.5047,97,70.0415,112,88.7385,344,91.3628,339,111.5124,334,114.5394,338,0.069143,349
2016,Florida A&M,70.1707,110,70.3775,99,86.7199,349,84.7218,351,102.2316,135,106.2437,223,0.068934,350
2016,Central Connecticut,68.8492,182,68.1852,218,93.1730,330,93.5185,326,112.0779,335,118.0423,351,0.064274,351
